{
  "routing_settings": {
    "bus_wait_time": 635,
    "bus_velocity": 83
  },
  "render_settings": {
    "width": 95198.86801763761,
    "height": 7932.802569222814,
    "padding": 1981.6473511042363,
    "stop_radius": 67283.81892249151,
    "line_width": 46614.86112708575,
    "stop_label_font_size": 14686,
    "stop_label_offset": [
      914.7045712655236,
      76791.28019196421
    ],
    "underlayer_color": "gold",
    "underlayer_width": 63395.21324618815,
    "color_palette": [
      "violet",
      "white",
      [
        87,
        70,
        204
      ],
      "olive",
      [
        92,
        16,
        14,
        0.5841362101376482
      ],
      [
        105,
        16,
        91
      ],
      "tan",
      "orange",
      [
        200,
        91,
        217,
        0.9013731655337209
      ],
      [
        251,
        199,
        8
      ],
      [
        26,
        211,
        211
      ],
      [
        133,
        152,
        106
      ],
      [
        75,
        110,
        61,
        0.7417791739971404
      ],
      [
        215,
        212,
        148,
        0.2000107676753189
      ],
      [
        157,
        127,
        98
      ],
      "brown",
      [
        171,
        122,
        20
      ],
      [
        138,
        101,
        133,
        0.6096562360075871
      ],
      [
        182,
        125,
        160
      ],
      [
        68,
        8,
        55
      ],
      [
        116,
        119,
        28
      ],
      [
        187,
        54,
        222
      ],
      [
        136,
        5,
        34,
        0.7082435525691706
      ],
      [
        170,
        55,
        39
      ],
      [
        180,
        164,
        44
      ],
      [
        150,
        48,
        159
      ],
      "khaki",
      "black",
      "yellow",
      [
        124,
        87,
        159
      ],
      "cyan",
      [
        183,
        7,
        113
      ],
      [
        243,
        106,
        80
      ],
      [
        112,
        40,
        228,
        0.9953127010039049
      ],
      [
        85,
        2,
        225,
        0.6698127237849493
      ],
      [
        209,
        171,
        246
      ],
      [
        17,
        3,
        60,
        0.4699235399238688
      ],
      [
        198,
        110,
        93
      ],
      [
        107,
        130,
        51,
        0.7586050687419024
      ],
      [
        12,
        162,
        5
      ],
      "white",
      [
        189,
        163,
        111,
        0.3374949756770289
      ],
      [
        247,
        79,
        135,
        0.5449999273037788
      ],
      [
        157,
        114,
        167,
        0.29928268991025575
      ],
      [
        172,
        133,
        143,
        0.7737789411157088
      ],
      [
        203,
        201,
        146
      ],
      [
        80,
        178,
        97,
        0.31891191008746944
      ],
      "coral",
      "lime",
      "peru",
      [
        115,
        136,
        52,
        0.72257917466284
      ],
      [
        97,
        63,
        231
      ],
      [
        65,
        99,
        202
      ],
      [
        165,
        254,
        229
      ],
      [
        92,
        64,
        96,
        0.38231371837913597
      ],
      "bisque",
      [
        241,
        95,
        208,
        0.13438069127682994
      ],
      "bisque",
      "chocolate",
      [
        205,
        39,
        130
      ],
      [
        40,
        152,
        102,
        0.18579414661449822
      ],
      [
        192,
        137,
        91
      ],
      "gray",
      "blue",
      [
        249,
        241,
        123
      ],
      [
        240,
        19,
        140,
        0.26932880003130044
      ],
      [
        189,
        22,
        31
      ],
      "maroon"
    ],
    "bus_label_font_size": 58457,
    "bus_label_offset": [
      -35788.21205391618,
      88552.41964802478
    ]
  },
  "base_requests": [
    {
      "type": "Bus",
      "name": "riQrF5PLFjEHxW0TBHsV5S",
      "stops": [
        "fPKiyDRT2RQYoTGO5Uxm",
        "KqmPOGgk"
      ],
      "is_roundtrip": false
    },
    {
      "type": "Bus",
      "name": "p",
      "stops": [
        "fPKiyDRT2RQYoTGO5Uxm",
        "KqmPOGgk"
      ],
      "is_roundtrip": false
    },
    {
      "type": "Stop",
      "name": "KqmPOGgk",
      "latitude": 43.3506247702921,
      "longitude": 39.832812706744264,
      "road_distances": {
        "fPKiyDRT2RQYoTGO5Uxm": 696181
      }
    },
    {
      "type": "Stop",
      "name": "fPKiyDRT2RQYoTGO5Uxm",
      "latitude": 40.096612326265685,
      "longitude": 38.856964095926536,
      "road_distances": {
        "KqmPOGgk": 935431
      }
    },
    {
      "type": "Bus",
      "name": "YZBP",
      "stops": [
        "KqmPOGgk",
        "fPKiyDRT2RQYoTGO5Uxm"
      ],
      "is_roundtrip": false
    }
  ],
  "stat_requests": [
    {
      "id": 2011220180,
      "type": "Bus",
      "name": "YZBP"
    },
    {
      "id": 979241267,
      "type": "Stop",
      "name": "fPKiyDRT2RQYoTGO5Uxm"
    },
    {
      "id": 711188696,
      "type": "Bus",
      "name": "riQrF5PLFjEHxW0TBHsV5S"
    },
    {
      "id": 1739175712,
      "type": "Route",
      "from": "fPKiyDRT2RQYoTGO5Uxm",
      "to": "KqmPOGgk"
    },
    {
      "id": 1739175712,
      "type": "Route",
      "from": "fPKiyDRT2RQYoTGO5Uxm",
      "to": "KqmPOGgk"
    },
    {
      "id": 1645130085,
      "type": "Route",
      "from": "fPKiyDRT2RQYoTGO5Uxm",
      "to": "fPKiyDRT2RQYoTGO5Uxm"
    },
    {
      "id": 1739175712,
      "type": "Route",
      "from": "fPKiyDRT2RQYoTGO5Uxm",
      "to": "KqmPOGgk"
    },
    {
      "id": 1366303007,
      "type": "Bus",
      "name": "p"
    },
    {
      "id": 1693428223,
      "type": "Route",
      "from": "KqmPOGgk",
      "to": "KqmPOGgk"
    },
    {
      "id": 607328897,
      "type": "Map"
    }
  ]
}